no,ra,dec,U,B,V,Teff,Mv,SpecType ,
135,78.63446708,-8.201638333,-0.56,0.1,0.13,10515.5617,-6.982541006,b'B8Iae',
118,88.79293875,7.407063889,4.38,2.27,0.42,3333.196587,-5.498793513,b'M1-M2Ia-Iab',
40,81.28276333,6.349703056,0.54,1.42,1.64,14086.90762,-2.803687446,b'B2V',
192,84.05338875,-1.201918889,0.48,1.51,1.69,13121.15542,-7.222580222,b'B0Ia',
142,85.18969417,-1.942573333,0.5,1.56,1.77,13830.71005,-4.997981388,b'O9.7Ib+B0III',
143,85.18969417,-1.942573333,0.5,1.56,1.77,13830.71005,-4.997981388,b'O9.7Ib+B0III',
129,86.93912,-9.669604722,0.87,1.88,2.06,13121.15276,-4.427847375,b'B0.5Ia',
154,83.00166667,-0.299095,0.96,2.02,2.41,21040.79718,-4.224895379,b'B0III+O9V',
156,83.00166667,-0.299095,0.96,2.02,2.41,21040.79718,-4.224895379,b'B0III+O9V',
190,83.85825792,-5.909900833,1.45,2.53,2.77,14632.83544,-6.499359841,b'O9IIIvar',
2,72.46004542,6.961274444,3.62,3.63,3.19,6674.161239,3.656057516,b'F6V',
152,81.11923625,-2.3971475,2.25,3.18,3.35,12902.39001,-4.031267761,b'B1V+B2:',
103,79.40161875,-6.844408333,3.01,3.47,3.59,11920.4953,-2.312280408,b'B5III',
165,83.78449,9.934155833,2.45,3.48,3.66,13121.15542,-3.976217668,b'O8IIIf+B0.5V',
166,83.78449,9.934155833,2.45,3.48,3.66,13121.15542,-3.976217668,b'O8IIIf+B0.5V',
186,72.80151958,5.605103333,2.7,3.5,3.68,13121.15542,-3.863191464,b'B2III',
193,73.56290417,2.440671389,2.72,3.54,3.73,13348.43409,-3.681052422,b'B2III',
176,84.68652208,-2.600078611,2.54,3.58,3.79,13830.71005,-3.79563212,b'O9.5V',
27,74.09281625,13.51446861,6.31,5.21,4.06,4409.233836,0.347240791,b'K2-IIIb',
11,84.22661875,9.290671111,5.7,5.04,4.09,4866.084868,1.377305239,b'G9.5IIIbFe-2.5',
29,80.98678167,-7.808064722,5.78,5.08,4.12,4840.875346,0.702996396,b'G8+III',
18,90.59581917,9.647272778,4.4,4.29,4.13,8486.085797,0.746260615,b'A1Vm+F2V',
46,82.69604542,5.948136667,3.51,4.07,4.2,12103.29467,-0.638921674,b'B5IV+B7V',
35,72.65301208,8.900180278,4.39,4.36,4.35,10002.18574,0.161327976,b'A1Vn',
97,91.89302417,14.76847389,3.6,4.24,4.397,12629.94253,-1.599414773,b'B3V',
3,88.59576208,20.27617278,5.08,5,4.4,5967.543824,4.711593574,b'G0V',
164,83.70515833,9.489579722,3.29,4.26,4.41,12488.50324,-3.204393879,b'B0III',
62,78.32283375,2.861263056,6.76,5.63,4.44,4328.442301,-0.712920381,b'K1III',
159,74.6370925,1.714013333,--,5.853,4.459,3960.237155,-2.419950493,b'K2-IIb',
113,92.98498708,14.20876528,3.65,4.31,4.48,12902.39513,-1.870128552,b'B3IV',
77,90.01395667,-3.074258333,6.95,5.74,4.52,4269.855729,-0.527928324,b'K1.5III-IIIbCN-1',
137,83.8465175,-4.838357778,3.46,4.4,4.59,13348.43409,-2.574868017,b'B1V',
213,84.79644292,4.121466389,3.73,4.48,4.59,11743.77545,-3.545439833,b'B3Ve',
199,81.70928875,3.095672778,3.45,4.398,4.611,13906.47006,-3.007523387,b'B2IV',
204,82.98275042,-7.301538056,3.3,4.36,4.63,15547.81848,-5.085475629,b'O9.7V',
218,90.97993458,20.13845222,4.24,4.91,4.63,7591.385776,-5.955670287,b'B2Ia',
13,73.72386958,10.15083194,--,4.723,4.648,9276.678763,1.88688981,b'A0Va_lB',
74,76.14228792,15.40410472,--,4.609,4.661,10823.9369,-0.584742931,b'A1VpSiCr',
85,82.43325833,-1.092238333,--,6.28,4.71,3691.168299,-1.219761357,b'K4III',
220,83.76116958,-6.002028611,3.52,4.5,4.72,14086.90138,-3.753243363,b'B1/2Ib/II',
99,73.13317667,14.25064194,--,6.458,4.721,3468.670901,-1.457184976,b'M3SIII',
188,80.44061375,-0.382466667,3.79,4.58,4.74,12691.65978,-2.979157321,b'B2IV',
173,88.11016042,1.855137778,--,6.13,4.75,3983.407628,-3.223780601,b'K2-IIb',
20,84.72117958,-7.212829722,5.04,4.93,4.8,8747.609555,1.604736657,b'A4Vn',
57,77.42482125,15.59721278,5.33,5.14,4.82,7337.081124,-0.214185921,b'F2IV',
92,94.99833542,-2.944493333,--,6.5,4.899,3647.655107,-0.869314272,b'K5III',
49,85.61930083,1.474629167,7.13,6.07,4.9,4368.446246,0.04171746,b'K1III',
136,93.01366458,16.13040583,4.21,4.8,4.92,11920.4953,-1.128574104,b'B5Vn',
224,85.21131208,-1.128787778,3.91,4.74,4.95,13830.71005,-2.250467066,b'B3V',
172,81.18678042,1.846444722,3.83,4.76,4.96,13584.75491,-2.704106072,b'B1Vn',
160,80.70834958,3.544458611,3.99,4.86,5,12292.51685,-3.672255504,b'B2IV/V',
28,81.12040375,-0.891334722,--,6.032,5.072,4840.875346,1.273060851,b'G9III-IVBa0.5',
168,90.86401625,19.69056278,--,5.021,5.13,11726.42651,-1.962811789,b'B8V',
209,83.81860917,-5.389700278,4.2,5.15,5.13,9882.422762,-2.879084158,b'O7Vp',
58,77.92318417,16.0456725,--,6.703,5.163,3734.317364,0.051618133,b'K5III',
39,73.69539625,11.42598306,--,5.291,5.184,8960.535027,0.934357336,b'A3V',
67,89.70656125,0.552982222,--,5.217,5.2,9918.013515,-0.905483312,b'A0V',
69,83.91451708,-4.856066389,--,5.483,5.234,7802.187694,-0.051893379,b'A9IV/V',
81,73.69909167,7.779096111,--,6.539,5.324,4279.503918,-0.539832444,b'K1III',
117,73.34488625,2.508225,--,6.93,5.324,3640.736052,-0.96630473,b'M1III',
36,79.79675,2.595799722,--,5.742,5.325,6790.990237,1.389811053,b'F3III/IV',
64,83.56988917,3.766906111,--,5.383,5.326,9465.673978,-0.785850866,b'A1V',
88,93.85470125,16.14316528,--,5.211,5.327,11849.09911,-0.224250983,b'B7V',
219,83.38102667,-1.156071944,4.26,5.16,5.34,13121.16073,-2.884275367,b'B1V+B4.5V',
227,83.17229583,-1.591831944,4.24,5.15,5.34,13348.43409,-2.803736702,b'B2II/III',
214,87.84159833,-7.518002778,4.32,5.147,5.341,13441.85233,-2.160220947,b'B2V',
43,71.50725167,11.70558667,--,5.566,5.346,8011.38509,1.286830408,b'Am',
21,71.10761875,11.14613417,--,5.638,5.379,7732.795656,2.137431056,b'F0V',
42,94.2775825,9.942392778,--,5.482,5.386,9066.489224,0.802904011,b'A2V',
200,88.95487792,20.17518806,6.82,6.39,5.4,4766.877337,-1.884380007,b'M6-9.5e',
31,77.33184667,9.829583889,5.83,5.67,5.43,7865.813735,1.797436877,b'A2m',
205,82.81054917,3.292131111,4.47,5.29,5.46,12902.39513,-2.250590478,b'B3II/III',
197,93.93735208,12.55107,5.3,5.464,5.467,10162.81046,-2.684138549,b'B9II-III',
107,78.68353792,5.156146667,--,6.853,5.494,4018.698472,-0.698616144,b'K4III',
68,79.0172275,11.341355,--,5.5,5.515,10316.28048,0.11611233,b'A0V',
230,83.75419583,-6.009268333,4.52,5.33,5.53,13584.7664,-2.240500497,b'B1.2',
114,81.25726583,-10.32888583,--,7.126,5.586,3734.317364,-0.691205255,b'K4III',
95,83.47617708,14.3055675,--,5.465,5.593,12066.23451,-1.998783833,b'B3V',
226,91.24316208,4.158662222,--,6.649,5.621,4676.500466,-2.733028111,b'G6II',
201,83.80519417,10.24007722,5.66,5.734,5.638,9066.484571,-2.903602069,b'B9IIIp',
12,93.89277125,-0.512188889,--,6.15,5.65,6388.888889,2.848329037,b'F5V',
101,95.01759958,14.65112944,--,7.224,5.658,3696.861847,-0.949180507,b'K5III',
171,91.24242875,5.419966944,--,6.7,5.658,4644.108919,-1.532261651,b'G7III:',
169,80.38268292,-0.416492778,4.91,5.56,5.68,11920.4953,-1.719024084,b'B5II/III',
140,80.92628583,-0.159818611,4.61,5.49,5.7,13830.71005,-2.085094233,b'B2III',
109,92.24126542,2.499690278,5.86,5.8,5.73,9328.332446,-0.516416875,b'B9V',
185,82.47822583,1.789259167,4.74,5.562,5.745,13188.42186,-1.95344324,b'B2V',
162,93.00558875,19.79054139,--,5.689,5.749,10941.16768,-1.804090685,b'B9.5V',
147,89.72181875,12.80826306,--,6.626,5.75,5061.640806,-1.180790891,b'G8III:+A5V',
223,84.14872208,-6.064750556,4.61,5.535,5.75,13957.48966,-2.193838142,b'B1.5',
48,86.71722583,9.522339722,--,6.675,5.768,4977.725732,0.88533246,b'G8III',
78,73.95896458,15.04026167,--,5.701,5.776,11168.81,0.031771774,b'B9V',
87,82.34868583,-3.446393056,7.92,6.93,5.78,4409.234818,0.051560789,b'K1-IIIFe-0.5',
132,80.43150958,8.428555278,4.79,5.67,5.8,12103.30354,-2.161261248,b'B1V',
56,93.47597458,-3.741370833,--,6.753,5.833,4943.40692,0.796717446,b'K0III',
104,84.50466167,7.541416667,5.44,5.788,5.852,11000.85571,-1.426109044,b'B8III',
51,88.87571458,-4.616544444,--,7.041,5.857,4340.362695,0.957065096,b'K1III',
61,87.51119125,9.871214722,--,6.816,5.867,4868.620854,0.662207065,b'G8III',
53,89.20604042,11.52105889,--,7.008,5.884,4463.469203,0.797232597,b'K2III',
66,89.60184583,1.837108333,--,6.116,5.886,7937.866556,0.745902863,b'A8V',
155,77.93896542,1.037028611,--,6.55,5.89,5742.127773,-0.563650329,b'A2/3V+KIII',
14,77.82990125,-2.490782222,--,6.346,5.892,6605.154298,3.037869759,b'F5V',
82,78.20053708,-6.057189167,--,6.867,5.892,4803.575376,0.411734562,b'G7III',
195,93.78530292,13.85109972,4.7,5.676,5.894,14034.81392,-2.059462827,b'B1V',
198,88.736195,19.74961778,4.99,5.748,5.894,12409.27553,-3.044129591,b'B2V',
148,83.51686458,-1.470242222,--,7.436,5.895,3732.862305,-0.14045136,b'K4III',
144,84.26826,11.03499583,9.43,7.5,5.9,3649.04206,-1.533445687,b'K5III',
91,75.4598025,0.722109167,--,7.188,5.908,4157.521481,-0.092885853,b'K2III',
26,85.27331583,0.337754167,--,6.212,5.912,7461.865612,2.30258865,b'F0V',
63,82.60901542,15.36044694,--,6.035,5.934,9017.985587,0.846938969,b'A3Vn',
93,87.55443917,4.423405556,--,7.314,5.936,3986.740567,-0.104564857,b'K3III',
71,88.03220417,-9.041901111,--,6.045,5.96,9175.255327,1.076097669,b'A0V',
206,84.65822292,-6.573957222,4.82,5.73,5.96,14354.03476,-1.85013792,b'B2IV/V',
124,89.11680833,9.509393056,--,5.917,5.964,10752.09713,-0.810018674,b'B9Ib',
24,85.72464208,-6.796168333,--,6.386,5.965,6770.355509,2.472320518,b'F5V',
161,73.7112875,0.467166389,--,5.858,5.965,11691.90041,-1.463058101,b'B5/7II',
6,87.14558417,-4.094644722,6.71,6.61,5.97,5815.212386,5.059300227,b'G2V',
15,84.87979375,-3.564704167,--,6.26,5.974,7552.012272,2.874983802,b'A9V',
145,88.68348583,0.968615556,--,7.317,5.975,4047.749274,-2.034257995,b'K0II/III',
196,88.09752625,19.86784722,--,6.518,5.985,6242.911963,-1.971172113,b'K0IIb+B8IV',
38,95.651635,12.57023694,6.35,6.3,6,7461.862582,1.963032384,b'F0III',
189,96.3673925,14.72199222,11.64,8.31,6,2878.203191,-3.341265274,b'C-N5-',
194,84.36398958,-5.93839,4.93,5.817,6.024,13755.88398,-1.790975005,b'B2V(n)',
127,72.18593458,3.588530556,--,7.231,6.028,4302.848902,-1.161725974,b'K0III',
231,76.22718917,-3.039675833,5.41,5.904,6.031,12047.80851,-1.58071709,b'B4II/III',
80,92.866295,13.63856139,--,6.05,6.036,9953.89099,0.076142632,b'A0Vnn',
121,74.74754625,14.54324944,5.87,6.097,6.058,9663.430451,-1.879697175,b'B7V',
119,86.86204125,-10.53294667,--,6.18,6.06,8838.794949,-2.2379778,b'A2IV',
133,93.9174025,6.066168333,5.42,5.94,6.07,12103.30354,-0.593482366,b'B6Ve',
89,90.85320292,11.68106556,--,6.047,6.075,10488.49372,0.352656158,b'A0Vs',
25,86.25751833,4.0082325,--,6.416,6.089,7294.475383,2.229654055,b'F2V',
150,78.38148,1.967679722,6.79,6.51,6.09,6775.501426,-0.544895312,b'A2/3V+(K)',
149,84.33046292,8.951874444,5.13,5.93,6.095,12796.05272,-1.828714125,b'B2IV-V',
125,76.34882917,1.177626111,16.36,9.52,6.1,2170.483277,-2.352062158,b'C-N5',
55,77.51359,-0.565321667,--,7.205,6.102,4508.310138,0.815462526,b'K1III',
33,80.96387333,-0.866626944,--,6.62,6.11,6343.881706,2.380322398,b'F7V+F8V',
202,88.55562208,10.58640556,--,7.533,6.115,3921.162559,-2.228066224,b'G9II',
126,72.930755,9.975080556,--,6.167,6.122,9596.501266,-0.421177567,b'B5V',
115,94.52336833,14.38285972,--,6.146,6.125,9870.622272,-0.991508422,b'A3V',
208,81.44591125,0.520241667,5.23,5.979,6.144,12796.05272,-1.515519271,b'B2V',
17,78.82707208,-1.409155556,--,6.541,6.154,6950.231703,2.926491608,b'F2/3V',
203,83.15826458,0.011924722,--,7.73,6.16,3691.168299,-1.311740946,b'K4III',
174,84.47243792,-4.814034722,5.42,6.14,6.18,10653.26938,-2.11065222,b'B3V',
86,81.80789167,15.25762806,--,6.252,6.182,9328.337403,0.281265639,b'A1IV',
75,89.54879042,-0.994018333,--,7.358,6.198,4388.741086,0.841438323,b'K0III',
96,89.47705208,1.224311944,--,7.707,6.202,3786.00194,0.170114036,b'K4III',
106,82.58301375,4.204794722,--,7.467,6.202,4185.022102,0.168611758,b'K2/3III',
217,82.83705542,-6.70838,5.29,6.041,6.208,12838.35865,-1.787324938,b'B3V',
182,83.51621125,-1.035726667,5.24,6.05,6.22,12902.3849,-1.622698893,b'B2/3IV/V',
215,85.15540333,-2.825236667,5.14,6.02,6.22,13584.75491,-1.773083677,b'B2IV',
65,94.66816375,9.04717,--,7.092,6.225,5086.567749,1.186220625,b'K0',
120,81.50984625,-5.518505556,--,6.186,6.233,10752.09032,0.045792476,b'B8/9V',
22,77.74176792,-2.254114444,--,7.233,6.236,4749.953255,2.768468318,b'K1-IV',
44,74.32162917,-1.067256389,--,6.655,6.241,6806.558587,1.488679535,b'F3/5III',
175,83.84297333,-4.424312222,5.4,6.098,6.244,12409.27553,-1.503138048,b'B9III/IV',
16,72.95830458,13.655135,--,6.751,6.25,6384.357369,3.027362963,b'',
181,83.62202417,-0.012346389,--,7.237,6.251,4776.604864,-0.850024946,b'G8II/III',
59,88.89737042,-4.788585556,--,6.315,6.264,9530.583578,1.249358393,b'A0V',
180,81.150425,2.353164722,5.54,6.159,6.297,12254.14605,-1.375639664,b'B3V',
102,88.56566333,3.225641389,--,7.604,6.302,4117.864876,0.69983036,b'K2III',
70,86.51195042,-4.268484722,--,7.39,6.31,4558.520344,1.072606077,b'K0III',
122,85.78882833,-1.613251944,--,7.786,6.311,3831.501072,-0.337353314,b'K4+III',
179,82.58647375,-7.434816111,5.29,6.13,6.313,13188.42186,-1.43175381,b'B2III',
45,71.60067625,-2.954527778,--,6.361,6.316,9596.495987,1.507689773,b'A0/1V',
23,75.16586583,-2.066030278,--,6.6,6.32,7591.385776,2.86556286,b'A9V',
112,94.7576775,17.32526194,5.95,6.25,6.32,11091.76385,-0.635124471,b'B9IIIpSi(Cr)',
146,78.44690167,0.560414167,--,7.763,6.323,3886.04339,-1.332974952,b'K4III',
41,80.87943958,5.323086389,--,6.455,6.334,8829.582283,1.650253967,b'hA3VamA1_lB',
229,92.75737708,18.13046194,--,7.7,6.335,4008.549674,-2.380329372,b'K1II',
84,74.54546583,-2.212735556,--,6.435,6.338,9056.738582,0.544327784,b'A1V',
60,82.14488958,13.67897861,--,6.502,6.34,8469.263347,1.215021138,b'A4V',
72,96.2198775,16.05712944,--,7.39,6.35,4648.707153,0.795919938,b'G9III',
79,81.81417583,2.341202222,--,7.32,6.35,4815.940272,0.654952182,b'K0III',
221,79.89702667,-1.411911111,5.5,6.24,6.35,11743.77545,-1.447895028,b'B3V',
50,93.97488708,1.169078889,--,6.792,6.357,6699.187701,1.440077612,b'F3V',
131,94.099135,17.18160667,--,7.95,6.37,3677.014736,-1.149643733,b'K5II',
177,82.00612542,1.29825,5.52,6.212,6.38,12859.62466,-1.444841426,b'B2/3V',
134,82.2371225,-3.307428889,--,6.38,6.382,10150.25154,-0.55938349,b'B9V',
222,83.84542167,-5.416064444,5.37,6.3,6.39,11407.33602,-1.244171672,b'O9.5IVp',
52,81.66178958,6.868658056,--,6.387,6.399,10277.43294,1.400367765,b'B9V',
108,79.1709975,1.947327222,--,6.402,6.408,10200.70209,0.170124639,b'A0V',
228,83.89960125,-3.252838611,5.64,6.28,6.41,12103.29467,-1.133612009,b'B3III',
123,80.11003167,-5.367528056,6,6.364,6.412,10766.38108,-0.836858055,b'B8II',
34,74.03739542,7.904670278,--,6.8,6.42,6988.564151,2.529156964,b'F5',
138,81.40207625,-1.491293333,--,6.256,6.42,12775.02198,-1.263970263,b'B5II/III',
76,80.1823425,2.544779444,--,7.48,6.43,4625.809234,0.940830475,b'G8III',
116,83.51030083,-7.023750833,--,7.57,6.45,4471.937171,0.847400268,b'K0III',
128,93.24821958,6.016257778,--,8.063,6.459,3643.500801,-1.003339623,b'M2III',
105,84.87850542,-9.706628611,--,6.375,6.481,11674.71448,0.036829222,b'B8II',
90,73.99313333,5.399023611,--,6.52,6.485,9708.635441,0.904130326,b'A0V',
73,82.42336875,-0.802546667,--,6.74,6.49,7795.184395,1.378137735,b'A5III/IV',
187,84.06261583,-5.647920556,5.52,6.34,6.51,12902.39513,-1.366816448,b'B3III/IV',
94,75.50009458,1.608865,--,6.411,6.511,11572.82414,0.188635374,b'B8V',
98,85.19246625,-10.40866528,5.88,6.36,6.52,12691.65978,0.184179339,b'B9III',
139,85.19246625,-10.40866528,5.88,6.36,6.52,12691.65978,0.184179339,b'B9III',
184,80.33044333,4.011949444,--,6.41,6.52,11743.77545,-1.628545109,b'B7Ib/II',
183,83.84111125,-4.494173333,5.66,6.43,6.56,12103.30354,-1.217043929,b'B2/3V',
178,93.94588917,4.2836375,5.82,6.456,6.614,12650.43992,-0.930943581,b'B3IV',
210,83.82190583,-5.387936111,6.08,6.79,6.7,9125.456975,-1.50842199,b'B1.5Vp',
211,83.81593917,-5.387315,5.87,6.75,6.73,9882.422762,-1.159760657,b'B0V',
157,80.57768708,-8.666119722,10.28,8.57,6.77,3391.769352,-1.141230347,b'S4,1'
83,85.36161542,3.778037222,--,7.96,6.82,4429.929503,0.929433888,b'K0III',
9,93.00236167,6.783071389,7.632,7.496,6.839,5752.967504,4.901669228,b'G4V',
170,85.23487667,-1.507182222,5.96,6.82,6.96,12292.51685,-1.010452112,b'B2V',
30,73.68189042,12.35219417,--,7.712,7.13,6038.928677,3.296948069,b'F8',
225,78.79949,1.556148333,--,8.64,7.19,3870.295191,-1.445804417,b'K2III',
232,82.25371792,-4.692433889,--,10.44,7.2,2260.232003,-0.906920681,b'M6.5-7.5e',
19,79.42075125,7.353348056,--,7.97,7.33,5815.214152,4.025934962,b'G0',
111,84.02597417,-7.396476944,--,7.31,7.38,11091.76385,0.564745248,b'B8V',
130,75.03424792,3.286673333,--,8.75,7.503,4218.528121,-0.212590114,b'K1/2III',
163,85.40995458,-2.259021944,7.32,7.94,7.83,8932.110185,-0.176828454,b'B3IV',
212,85.25955417,-2.716869722,7.67,7.93,7.9,9765.806558,-0.119177592,b'B9/9.5II/III',
216,80.95982958,2.082173333,--,7.78,7.91,12103.29467,0.137242419,b'B7IV',
0,82.86414875,-3.677228889,10.626,9.443,7.968,3831.501072,9.187071782,b'M1.5Ve',
37,86.77611083,-10.63022972,--,8.55,7.98,6087.54626,3.997149981,b'F8V',
141,83.3585725,0.621365,--,7.94,8.05,11743.77545,0.078865698,b'B8V',
47,86.99656417,-8.3277,--,9.14,8.27,5078.230324,3.482622074,b'G8IV',
54,88.3291475,22.07215111,--,8.94,8.38,6128.713551,3.379153075,b'F8',
233,95.55496917,14.67812639,--,9.34,8.42,4943.40567,-2.857752636,b'F4Ib',
153,76.12494917,-3.787301667,10.25,10.93,8.7,2947.957712,1.15708845,b'A4IVe',
100,86.07831208,0.144558333,9.44,9.22,8.87,7158.200234,1.305267329,b'A7V',
4,84.12912667,11.32786861,11.508,10.276,8.898,3986.740567,8.608776963,b'K6V',
32,80.83984875,-2.277620278,--,9.73,8.94,5311.003779,5.204361782,b'G0',
158,90.118105,10.21805778,--,9.4,9.15,7795.184395,0.394155583,b'A2e',
191,77.81044,-8.556836944,--,10.02,9.46,6128.709597,3.228528007,b'G1V:',
8,88.25118583,-5.994844722,12.27,11.041,9.693,4037.44536,8.154964877,b'K7V/M0V',
110,79.00198542,-9.809831389,10.19,10.16,9.84,7337.081124,2.392926257,b'B9.5V',
151,82.28497,11.870185,--,10.83,10.1,5501.094469,2.046716938,b'G5/8Ve',
10,74.8951425,1.783519167,--,11.48,10.107,3995.100812,8.170384645,b'M0Ve',
207,81.17834667,1.730069167,10.55,10.45,10.17,7591.385776,2.517637472,b'A8V',
167,81.90973,11.42747861,12.96,12.33,10.3,3138.554382,2.108639371,b'F7Ve',
7,83.43666667,1.945403333,13.956,12.51,11.499,4716.480319,10.50806516,b'M3.0V',
1,85.538615,12.48933444,14.264,13.13,11.509,3620.141217,12.69516224,b'M4V',
5,73.02388375,6.476552222,14.791,13.568,12.018,3719.81818,11.54865893,b'M2V',